id,firstname,lastname,email,phone
1,Sheryl,Baxter,zunigavanessa@smith.info,229.077.5154
2,Preston,Lozano,vmata@colon.com,5153435776
3,Roy,Berry,beckycarr@hogan.com,-1199
4,Linda,Olsen,stanleyblackwell@benson.org,001-808-617-6467x12895
5,Joanna,Bender,colinalvarado@miles.net,001-234-203-0635x76146
6,Aimee,Downs,louis27@gilbert.com,(283)437-3886x88321
7,Darren,Peck,tgates@cantrell.com,(496)452-6181x3291
8,Brett,Mullen,asnow@colon.com,001-583-352-7197x297
9,Sheryl,Meyers,mariokhan@ryan-pope.org,854-138-4911x5772
10,Michelle,Gallagher,mdyer@escobar.net,739.218.2516x459
11,Carl,Schroeder,kirksalas@webb.com,637-854-0256x825
12,Jenna,Dodson,mark42@robbins.com,(041)737-3846
13,Tracey,Mata,alex56@walls.org,001-949-844-8787
14,Kristine,Cox,holdenmiranda@clarke.com,786-284-3358x62152
15,Faith,Lutz,cassieparrish@blevins-chapman.net,(781)861-7180x8306
16,Miranda,Beasley,vduncan@parks-hardy.com,540.085.3135x185
17,Caroline,Foley,holtgwendolyn@watson-davenport.com,936.222.4746x9924
18,Greg,Mata,jaredjuarez@carroll.org,(701)087-2415
19,Clifford,Jacobson,joseph26@jacobson.com,001-151-330-3524x0469
20,Joanna,Kirk,tuckerangie@salazar.net,(266)131-7001x711
21,Maxwell,Frye,fgibson@drake-webb.com,423.262.3059
22,Kiara,Houston,blanchardbob@wallace-shannon.com,001-274-040-3582x10611
23,Colleen,Howard,rsingleton@ryan-cherry.com,1935085151
24,Janet,Valenzuela,stefanie71@spence.com,354.259.5062x7538
25,Shane,Wilcox,mariah88@santos.com,(429)005-9030x11004
26,Marcus,Moody,donnamullins@norris-barrett.org,674-677-8623
27,Dakota,Poole,stacey67@fields.org,(371)987-8576x4720
28,Frederick,Harper,jacobkhan@bright.biz,+1-077-121-1558x0687
29,Stefanie,Fitzpatrick,wterrell@clark.com,(752)776-3286
30,Kent,Bradshaw,qjimenez@boyd.com,+1-472-143-5037x884
31,Jack,Tate,gfigueroa@boone-zavala.com,965-108-4406x20714
32,Tom,Trujillo,tapiagreg@beard.info,416-338-3758
33,Gabriel,Mejia,coleolson@jennings.net,4077245425
34,Kaitlyn,Santana,georgeross@miles.org,6303643286
35,Faith,Moon,willistonya@randolph-baker.com,+1-586-217-0359x6317
36,Tammie,Haley,harrisisaiah@jenkins.com,001-276-734-4113x6087
37,Nicholas,Sosa,fwolfe@dorsey.com,(661)425-6042
38,Jordan,Gay,tiffanydavies@harris-mcfarland.org,7208417020
39,Bruce,Esparza,preese@frye-vega.com,559-529-4424
40,Sherry,Garza,ann48@miller.com,001-067-713-6440x158
41,Natalie,Gentry,tcummings@fitzpatrick-ashley.com,830.996.8238
42,Bryan,Dunn,woodwardandres@phelps.com,001-710-802-5565
43,Wayne,Simpson,barbarapittman@holder.com,(344)156-8632x1869
44,Luis,Greer,bstuart@williamson-mcclure.com,001-336-025-6849x701
45,Rhonda,Frost,zkrueger@wolf-chavez.net,(127)081-9339
46,Joanne,Montes,juan80@henson.net,(897)726-7952
47,Geoffrey,Guzman,bauercrystal@gay.com,975.235.8921x269
48,Gloria,Mccall,bartlettjenna@zuniga-moss.biz,445-603-6729
49,Brady,Cohen,mccalltyrone@durham-rose.biz,741.849.0139x524
50,Latoya,Mccann,bobhammond@barry.biz,(530)287-4548x29481
51,Gerald,Hawkins,uwarner@steele-arias.com,+1-323-239-1456x96168
52,Samuel,Crawford,xpittman@ritter-carney.net,802-242-7457
53,Patricia,Goodwin,vaughanchristy@lara.biz,322.549.7139x70040
54,Stacie,Richard,clinton85@colon-arias.org,001-622-948-3641x24810
55,Robin,West,greenemiranda@zimmerman.com,698.303.4267
56,Ralph,Haas,goodmancesar@figueroa.biz,2239271999
57,Phyllis,Maldonado,yhanson@warner-diaz.org,4500370767
58,Danny,Parrish,howelldarren@house-cohen.com,(669)384-8597x8794
59,Kathy,Hill,ncamacho@boone-simmons.org,001-171-716-2175x310
60,Kelli,Hardy,kristopher62@oliver.com,020.324.2191x2022
61,Lynn,Pham,mpham@rios-guzman.com,846.468.6834x611
62,Shelley,Harris,zachary96@mitchell-bryant.org,423.098.0315x8373
63,Eddie,Jimenez,kristiwhitney@bernard.com,+1-235-657-1073x6306
64,Chloe,Hutchinson,leah85@sutton-terrell.com,981-544-9452
65,Eileen,Lynch,levigiles@vincent.com,+1-158-951-4131x53578
66,Fernando,Lambert,fisherlinda@schaefer.net,497.829.9038
67,Makayla,Cannon,scottcurtis@hurley.biz,001-215-801-6392x46009
68,Tom,Alvarado,nicholsonnina@montgomery.info,(585)606-2980x2258
69,Virginia,Dudley,zvalencia@phelps.com,027.846.3705x14184
70,Riley,Good,alex06@galloway.com,6977745822
71,Alexandria,Buck,lee48@manning.com,078-900-4760x76668
72,Richard,Roth,aharper@maddox-townsend.org,581-440-6539
73,Candice,Keller,buckleycory@odonnell.net,001-927-965-8550x92406
74,Anita,Benson,angie04@oconnell.com,874.617.5668x69878
75,Regina,Stein,zrosario@rojas-hardin.net,001-469-848-0724x4407
76,Debra,Riddle,shieldskerry@robles.com,+1-768-182-6014x14336
77,Brittany,Zuniga,mchandler@cochran-huerta.org,(050)136-9025
78,Cassidy,Mcmahon,katrinalane@fitzgerald.com,5040771311
79,Laurie,Pennington,cookejill@powell.com,007.155.3406x553
80,Alejandro,Blair,elizabethbarr@ewing.com,(690)068-4641x51468
81,Leslie,Jennings,corey75@wiggins.com,629.198.6346
82,Kathleen,Mckay,chloelester@higgins-wilkinson.com,(733)910-9968
83,Hunter,Moreno,isaac26@benton-finley.com,(733)833-6754
84,Chad,Davidson,justinwalters@jimenez.com,8275702958
85,Corey,Holt,maurice46@morgan.com,001-439-242-4986x7918
86,Emma,Cunningham,walter83@juarez.org,128-059-0206x60217
87,Duane,Woods,kmercer@wagner.com,(636)544-7783x7288
88,Alison,Vargas,vcantu@norton.com,365-273-8144
89,Vernon,Kane,hilljesse@barrett.info,114-854-1159x555
90,Lori,Flowers,tyrone77@valenzuela.info,679.415.1210
91,Nina,Chavez,elliserica@frank.com,053-344-3205
92,Shane,Foley,nsteele@sparks.com,-1692
93,Collin,Ayers,dudleyemily@gonzales.biz,404-645-5351x012
94,Sherry,Young,alan79@gates-mclaughlin.com,158-687-1764
95,Darrell,Douglas,grayjean@lowery-good.com,001-084-845-9524x1777
96,Karl,Greer,hhart@jensen.com,(188)169-1674x58692
97,Lynn,Atkinson,vkemp@ferrell.com,-3769
98,Fred,Guerra,swagner@kane.org,+1-753-067-8419x7170
99,Yvonne,Farmer,mccarthystephen@horn-green.biz,(530)311-9786
100,Clarence,Haynes,colleen91@faulkner.biz,(753)813-6941